{
  "session_id": "20260119_200221",
  "mode": "paper",
  "total_trades": 54,
  "wins": 23,
  "losses": 31,
  "win_rate": 42.592592592592595,
  "total_pnl": -5.180635876528231,
  "avg_pnl": -0.09593770141718946,
  "best_trade": 16.086483002999714,
  "worst_trade": -15.00000000000035
}