{
  "session_id": "20260119_201430",
  "mode": "paper",
  "total_trades": 9,
  "wins": 1,
  "losses": 8,
  "win_rate": 11.11111111111111,
  "total_pnl": -60.00000000000043,
  "avg_pnl": -6.666666666666715,
  "best_trade": 24.999999999999478,
  "worst_trade": -15.000000000000322
}