{
  "session_id": "20260119_205215",
  "mode": "paper",
  "total_trades": 4,
  "wins": 0,
  "losses": 4,
  "win_rate": 0.0,
  "total_pnl": -39.99999999999933,
  "avg_pnl": -9.999999999999833,
  "best_trade": -7.499999999999554,
  "worst_trade": -15.000000000000064
}